Date,Name,Year,Letterboxd URI
2026-01-13,West Side Story,1961,https://boxd.it/28dK
2026-01-13,The Third Man,1949,https://boxd.it/294E
2026-01-13,The Wild Bunch,1969,https://boxd.it/2a5y
2026-01-13,Roman Holiday,1953,https://boxd.it/29zW
2026-01-13,El Sur,1983,https://boxd.it/JbM
2026-01-13,Gran Torino,2008,https://boxd.it/1Qzy
2026-01-13,Floating Clouds,1955,https://boxd.it/2FLU
2026-01-13,A Sun-Tribe Myth from the Bakumatsu Era,1957,https://boxd.it/47wK
2026-01-13,Battles Without Honor and Humanity,1973,https://boxd.it/1e0q
2026-01-13,Antiporno,2016,https://boxd.it/eDjy
